promo_id,headline,touchpoint,category,brand,brand_tier,sku,period,campaign_objective,budget_tier,budget_million_idr,duration_days,target_age_group,target_income_level,target_region,color_scheme,imagery_type,cta_style,tone,promo_type,kpi_lift,kpi_roi,ctr,conversion_rate,engagement_rate,roas,headline_length,description,description_length,kpi_lift_quartile,kpi_roi_quartile
PROMO001,KOMPETISI Upload Foto - Hadiah Mingguan!,in-store,Snacks,Chitato,premium,CHI-SNA-881,2024-Q3,conversion,low,129,14,36-45,Low,Bandung,Purple-Premium,Celebrity,Professional,Friendly,contest,0.325,6.1,0.0637,0.102,0.084,5.2,40,Contest campaign for Chitato Snacks targeting 36-45 demographic in Bandung,74,Medium-High,High
PROMO002,SPECIAL 15% DISCOUNT - Flash Sale!,in-store,Confectionery,Mars,premium,MAR-CON-799,2025-Q1,retention,high,4187,60,46-55,Upper-Middle,Bandung,Green-Fresh,Family,Friendly,Serious,discount,0.184,5.6,0.088,0.189,0.091,6.6,34,Discount campaign for Mars Confectionery targeting 46-55 demographic in Bandung,79,Low,Medium-High
PROMO003,KOMPETISI Kirim Video - Grand Prize!,digital,Condiments,Indofood,mass,IND-CON-369,2024-Q4,conversion,medium,1649,45,46-55,High,Bandung,Green-Fresh,Lifestyle,Friendly,Serious,contest,0.54,4.4,0.0273,0.053,0.133,4.4,36,Contest campaign for Indofood Condiments targeting 46-55 demographic in Bandung,79,High,Medium-Low
PROMO004,SALE 20% OFF - Head & Shoulders Personal Care!,flyer,Personal Care,Head & Shoulders,premium,HEA-PER-369,2025-Q1,upselling,medium,1978,60,36-45,Low,Semarang,Yellow-Energy,Lifestyle,Playful,Exciting,discount,0.223,3.4,0.0549,0.04,0.113,3.2,46,Discount campaign for Head & Shoulders Personal Care targeting 36-45 demographic in Semarang,92,Medium-Low,Medium-Low
PROMO005,BELI 2 GRATIS 1 - Hemat Lebih!,in-store,Personal Care,Clear,premium,CLE-PER-993,2024-Q4,retention,high,4171,45,18-25,Middle,Bandung,Purple-Premium,Celebrity,Authoritative,Trustworthy,bogo,0.285,5.4,0.0405,0.147,0.285,4.4,30,Bogo campaign for Clear Personal Care targeting 18-25 demographic in Bandung,76,Medium-Low,Medium-High
PROMO006,KOMPETISI Upload Foto - Total 100 Juta!,digital,Personal Care,Head & Shoulders,economy,HEA-PER-385,2024-Q3,conversion,high,6211,14,18-25,Middle,Surabaya,Red-Bold,Festival,Professional,Exciting,contest,0.477,4.4,0.0182,0.179,0.303,4.9,39,Contest campaign for Head & Shoulders Personal Care targeting 18-25 demographic in Surabaya,91,High,Medium-Low
PROMO007,BELI 2 GRATIS 2 - Best Deal!,flyer,Personal Care,Sunsilk,mass,SUN-PER-177,2025-Q1,conversion,high,4046,90,26-35,High,Bandung,Yellow-Energy,Lifestyle,Professional,Premium,bogo,0.303,3.4,0.0602,0.08,0.077,3.4,28,Bogo campaign for Sunsilk Personal Care targeting 26-35 demographic in Bandung,78,Medium-High,Medium-Low
PROMO008,BUY 1 GET 1 FREE - Dove Personal Care!,flyer,Personal Care,Dove,premium,DOV-PER-865,2024-Q3,awareness,premium,45533,7,46-55,Middle,Medan,Green-Fresh,Lifestyle,Urgent,Fun,bogo,0.245,6.0,0.0439,0.166,0.175,6.1,38,Bogo campaign for Dove Personal Care targeting 46-55 demographic in Medan,73,Medium-Low,High
PROMO009,DISKON 20% - Stok Terbatas!,in-store,Beauty,L'Oréal,mass,L'O-BEA-505,2024-Q3,upselling,premium,25642,21,55+,Upper-Middle,Semarang,Blue-Trust,Minimalist,Emotional,Friendly,discount,0.348,4.7,0.1168,0.181,0.357,5.4,27,Discount campaign for L'Oréal Beauty targeting 55+ demographic in Semarang,74,Medium-High,Medium-High
PROMO010,DISKON 25% - Terbatas!,outdoor,Instant Noodles,Indomie,mass,IND-INS-378,2024-Q4,awareness,medium,1633,14,18-25,Upper-Middle,Surabaya,Blue-Trust,Family,Urgent,Exciting,discount,0.189,2.7,0.0113,0.032,0.041,2.5,22,Discount campaign for Indomie Instant Noodles targeting 18-25 demographic in Surabaya,85,Low,Low
PROMO011,DISKON 50% - Terbatas!,digital,Beverages,PepsiCo,premium,PEP-BEV-540,2025-Q2,retention,medium,1631,14,18-25,Middle,Depok,Red-Bold,Festival,Professional,Fun,discount,0.247,3.8,0.1061,0.104,0.166,3.8,22,Discount campaign for PepsiCo Beverages targeting 18-25 demographic in Depok,76,Medium-Low,Medium-Low
PROMO012,HEMAT 50% - Super Value!,digital,Instant Noodles,Indomie,mass,IND-INS-914,2025-Q2,retention,low,206,90,46-55,Low,Tangerang,Blue-Trust,Lifestyle,Playful,Friendly,discount,0.116,3.1,0.0146,0.142,0.196,2.7,24,Discount campaign for Indomie Instant Noodles targeting 46-55 demographic in Tangerang,86,Low,Low
PROMO013,BUNDLE DEAL - Hemat Lebih!,flyer,Personal Care,Unilever,premium,UNI-PER-101,2024-Q4,acquisition,medium,1951,30,55+,Low,Palembang,Orange-Warm,Lifestyle,Professional,Exciting,bundle,0.261,5.3,0.0619,0.119,0.212,4.4,26,Bundle campaign for Unilever Personal Care targeting 55+ demographic in Palembang,81,Medium-Low,Medium-High
PROMO014,HEMAT 30% - Best Deal!,in-store,Personal Care,Vaseline,premium,VAS-PER-576,2025-Q3,retention,medium,1840,21,36-45,Upper-Middle,Medan,Yellow-Energy,Festival,Authoritative,Fun,discount,0.2,2.8,0.0915,0.131,0.151,2.3,22,Discount campaign for Vaseline Personal Care targeting 36-45 demographic in Medan,81,Low,Low
PROMO015,KOMPETISI Kirim Video - Hadiah Mingguan!,digital,Beauty,Dove,mass,DOV-BEA-105,2024-Q3,conversion,medium,1843,60,55+,Middle,Palembang,Yellow-Energy,Celebrity,Friendly,Trustworthy,contest,0.352,4.8,0.0733,0.123,0.273,4.7,40,Contest campaign for Dove Beauty targeting 55+ demographic in Palembang,71,Medium-High,Medium-High
PROMO016,SPECIAL 20% DISCOUNT - Limited Time!,tv,Beverages,Teh Botol Sosro,economy,TEH-BEV-427,2024-Q3,awareness,medium,1056,21,26-35,Upper-Middle,Tangerang,Red-Bold,Minimalist,Professional,Trustworthy,discount,0.195,4.0,0.0708,0.104,0.229,4.0,36,Discount campaign for Teh Botol Sosro Beverages targeting 26-35 demographic in Tangerang,88,Low,Medium-Low
PROMO017,DAPAT CASHBACK Rp 5000 - Weekend Special!,digital,Condiments,ABC,economy,ABC-CON-444,2024-Q4,conversion,high,2237,30,46-55,Middle,Tangerang,Blue-Trust,Family,Playful,Premium,cashback,0.445,5.3,0.0147,0.042,0.07,5.6,41,Cashback campaign for ABC Condiments targeting 46-55 demographic in Tangerang,77,High,Medium-High
PROMO018,CASHBACK SPECIAL - Stok Terbatas!,in-store,Personal Care,Oral-B,economy,ORA-PER-329,2025-Q1,conversion,premium,13413,21,46-55,Upper-Middle,Surabaya,Yellow-Energy,Product-Focus,Emotional,Fun,cashback,0.353,5.4,0.0882,0.063,0.158,6.0,33,Cashback campaign for Oral-B Personal Care targeting 46-55 demographic in Surabaya,82,Medium-High,Medium-High
PROMO019,BELI 2 GRATIS 2 - Hemat Lebih!,digital,Condiments,Indofood,mass,IND-CON-177,2025-Q2,conversion,low,416,14,55+,Low,Semarang,Orange-Warm,Minimalist,Playful,Premium,bogo,0.258,3.1,0.0291,0.039,0.227,3.5,30,Bogo campaign for Indofood Condiments targeting 55+ demographic in Semarang,75,Medium-Low,Low
PROMO020,GRATIS Sample - Member Khusus!,flyer,Personal Care,P&G,mass,P&G-PER-848,2024-Q4,upselling,high,5568,90,26-35,Upper-Middle,Bekasi,Black-Elegant,Animation,Playful,Premium,free_gift,0.255,4.5,0.0689,0.046,0.238,4.5,30,Free_Gift campaign for P&G Personal Care targeting 26-35 demographic in Bekasi,78,Medium-Low,Medium-High
PROMO021,CASHBACK SPECIAL - Terbatas!,in-store,Beverages,Coca-Cola,economy,COC-BEV-807,2024-Q4,awareness,low,438,14,26-35,Low,Medan,Purple-Premium,Celebrity,Playful,Fun,cashback,0.199,2.5,0.0206,0.022,0.061,2.4,28,Cashback campaign for Coca-Cola Beverages targeting 26-35 demographic in Medan,78,Low,Low
PROMO022,BUY 2 GET 2 FREE - Lifebuoy Personal Care!,digital,Personal Care,Lifebuoy,premium,LIF-PER-878,2025-Q1,awareness,low,420,45,18-25,Middle,Medan,Blue-Trust,Minimalist,Playful,Friendly,bogo,0.391,4.7,0.0131,0.108,0.167,4.2,42,Bogo campaign for Lifebuoy Personal Care targeting 18-25 demographic in Medan,77,Medium-High,Medium-High
PROMO023,PAKET HEMAT - Vaseline + Travel Size!,digital,Personal Care,Vaseline,economy,VAS-PER-603,2025-Q1,conversion,low,83,30,26-35,Low,Semarang,Black-Elegant,Celebrity,Urgent,Caring,bundle,0.181,3.1,0.0584,0.048,0.118,3.3,37,Bundle campaign for Vaseline Personal Care targeting 26-35 demographic in Semarang,82,Low,Low
PROMO024,PAKET HEMAT - Indofood + Extra Size!,in-store,Condiments,Indofood,mass,IND-CON-176,2025-Q2,conversion,low,138,45,26-35,Middle,Semarang,Purple-Premium,Product-Focus,Friendly,Trustworthy,bundle,0.247,4.7,0.0619,0.042,0.12,4.4,36,Bundle campaign for Indofood Condiments targeting 26-35 demographic in Semarang,79,Medium-Low,Medium-High
PROMO025,COMBO SPECIAL - Triple Save!,digital,Beauty,Wardah,economy,WAR-BEA-378,2025-Q1,retention,low,408,30,55+,Upper-Middle,Tangerang,Red-Bold,Celebrity,Emotional,Friendly,bundle,0.11,1.6,0.0405,0.066,0.046,1.4,28,Bundle campaign for Wardah Beauty targeting 55+ demographic in Tangerang,72,Low,Low
PROMO026,DISKON 25% - Stok Terbatas!,in-store,Personal Care,Clear,premium,CLE-PER-437,2025-Q2,acquisition,high,9026,14,46-55,Upper-Middle,Palembang,Green-Fresh,Family,Emotional,Exciting,discount,0.729,6.7,0.034,0.141,0.4,6.0,27,Discount campaign for Clear Personal Care targeting 46-55 demographic in Palembang,82,High,High
PROMO027,BUNDLE DEAL - Hemat Lebih!,digital,Personal Care,Pantene,mass,PAN-PER-723,2025-Q1,upselling,low,64,60,55+,Middle,Semarang,Yellow-Energy,Minimalist,Playful,Exciting,bundle,0.241,3.9,0.0256,0.11,0.119,4.1,26,Bundle campaign for Pantene Personal Care targeting 55+ demographic in Semarang,79,Medium-Low,Medium-Low
PROMO028,SPECIAL 15% DISCOUNT - Flash Sale!,digital,Beauty,P&G,premium,P&G-BEA-940,2024-Q4,upselling,medium,1539,21,26-35,Low,Semarang,Black-Elegant,Festival,Playful,Friendly,discount,0.382,5.8,0.0255,0.201,0.178,5.1,34,Discount campaign for P&G Beauty targeting 26-35 demographic in Semarang,72,Medium-High,High
PROMO029,BUY 2 GET 2 FREE - Wings Personal Care!,in-store,Personal Care,Wings,premium,WIN-PER-990,2024-Q4,upselling,medium,1708,21,46-55,High,Bandung,Yellow-Energy,Product-Focus,Friendly,Fun,bogo,0.203,4.9,0.0747,0.029,0.198,4.4,39,Bogo campaign for Wings Personal Care targeting 46-55 demographic in Bandung,76,Low,Medium-High
PROMO030,MENANG Voucher 1 Juta - Kirim Video!,digital,Beverages,Teh Botol Sosro,economy,TEH-BEV-748,2024-Q3,awareness,high,2806,90,18-25,Middle,Semarang,Blue-Trust,Minimalist,Urgent,Premium,contest,0.348,3.4,0.0728,0.088,0.296,2.9,36,Contest campaign for Teh Botol Sosro Beverages targeting 18-25 demographic in Semarang,86,Medium-High,Medium-Low
PROMO031,BUNDLE DEAL - Super Value!,flyer,Beverages,Teh Botol Sosro,economy,TEH-BEV-394,2025-Q2,awareness,low,461,30,26-35,High,Semarang,Yellow-Energy,Family,Emotional,Exciting,bundle,0.112,1.5,0.0383,0.069,0.052,1.5,26,Bundle campaign for Teh Botol Sosro Beverages targeting 26-35 demographic in Semarang,85,Low,Low
PROMO032,CONTEST Foto Kreativ - Smartphone!,radio,Beauty,Wardah,economy,WAR-BEA-608,2024-Q4,upselling,low,360,60,36-45,Low,Bekasi,Black-Elegant,Minimalist,Emotional,Exciting,contest,0.157,2.2,0.0271,0.03,0.04,2.5,34,Contest campaign for Wardah Beauty targeting 36-45 demographic in Bekasi,72,Low,Low
PROMO033,KOMPETISI Share Post - Total 100 Juta!,in-store,Beverages,PepsiCo,mass,PEP-BEV-402,2025-Q2,conversion,medium,1486,90,55+,Upper-Middle,Depok,Orange-Warm,Family,Friendly,Friendly,contest,0.47,4.9,0.0337,0.065,0.195,5.7,38,Contest campaign for PepsiCo Beverages targeting 55+ demographic in Depok,73,High,Medium-High
PROMO034,KOMPETISI Kirim Video - Hadiah Mingguan!,digital,Confectionery,Mars,premium,MAR-CON-326,2024-Q3,conversion,high,4687,45,36-45,Low,Medan,Yellow-Energy,Product-Focus,Authoritative,Fun,contest,0.8,8.0,0.1114,0.063,0.167,10.0,40,Contest campaign for Mars Confectionery targeting 36-45 demographic in Medan,76,High,High
PROMO035,DISKON 30% - Jangan Terlewat!,digital,Condiments,Indofood,premium,IND-CON-341,2025-Q2,retention,medium,1408,30,46-55,High,Semarang,Red-Bold,Minimalist,Professional,Trustworthy,discount,0.298,3.1,0.0267,0.166,0.08,2.7,29,Discount campaign for Indofood Condiments targeting 46-55 demographic in Semarang,81,Medium-High,Low
PROMO036,PAKET HEMAT - Colgate + Travel Size!,radio,Personal Care,Colgate,economy,COL-PER-710,2025-Q1,retention,medium,802,90,18-25,Middle,Bekasi,Blue-Trust,Festival,Friendly,Friendly,bundle,0.131,2.2,0.0401,0.035,0.139,2.0,36,Bundle campaign for Colgate Personal Care targeting 18-25 demographic in Bekasi,79,Low,Low
PROMO037,BELI 1 GRATIS 2 - Hemat Lebih!,in-store,Personal Care,Wings,premium,WIN-PER-729,2025-Q2,conversion,premium,43019,14,46-55,High,Makassar,Orange-Warm,Animation,Urgent,Premium,bogo,0.58,8.0,0.1082,0.25,0.354,10.0,30,Bogo campaign for Wings Personal Care targeting 46-55 demographic in Makassar,77,High,High
PROMO038,DISKON 70% - Jangan Terlewat!,in-store,Beverages,Kalbe,premium,KAL-BEV-540,2024-Q3,upselling,medium,1535,45,55+,Upper-Middle,Palembang,Orange-Warm,Animation,Professional,Premium,discount,0.213,4.5,0.0371,0.067,0.318,4.3,29,Discount campaign for Kalbe Beverages targeting 55+ demographic in Palembang,76,Low,Medium-High
PROMO039,CASHBACK 50% - Mega Hemat!,digital,Beverages,Teh Botol Sosro,premium,TEH-BEV-161,2025-Q2,upselling,high,3065,45,18-25,High,Surabaya,Purple-Premium,Minimalist,Professional,Caring,cashback,0.576,7.9,0.12,0.173,0.335,7.8,26,Cashback campaign for Teh Botol Sosro Beverages targeting 18-25 demographic in Surabaya,87,High,High
PROMO040,PAKET HEMAT - Mars + Travel Size!,in-store,Confectionery,Mars,mass,MAR-CON-379,2024-Q3,awareness,premium,11897,14,55+,Low,Bekasi,Purple-Premium,Festival,Emotional,Friendly,bundle,0.284,5.4,0.0445,0.035,0.269,4.7,33,Bundle campaign for Mars Confectionery targeting 55+ demographic in Bekasi,74,Medium-Low,Medium-High
PROMO041,BELI 2 DAPAT 2 - Stok Terbatas!,digital,Personal Care,Johnson & Johnson,premium,JOH-PER-552,2025-Q2,conversion,medium,1494,45,55+,Low,Surabaya,Green-Fresh,Celebrity,Emotional,Premium,bogo,0.752,8.0,0.1155,0.106,0.083,10.0,31,Bogo campaign for Johnson & Johnson Personal Care targeting 55+ demographic in Surabaya,87,High,High
PROMO042,KOMPETISI Share Post - Total 100 Juta!,digital,Personal Care,Pantene,premium,PAN-PER-672,2025-Q3,retention,medium,971,45,46-55,High,Bandung,Blue-Trust,Celebrity,Authoritative,Serious,contest,0.256,5.4,0.12,0.204,0.17,5.1,38,Contest campaign for Pantene Personal Care targeting 46-55 demographic in Bandung,81,Medium-Low,Medium-High
PROMO043,COMBO SPECIAL - Double Value!,tv,Confectionery,Mondelez,premium,MON-CON-863,2025-Q2,acquisition,low,495,21,26-35,High,Bekasi,Yellow-Energy,Animation,Urgent,Premium,bundle,0.612,6.0,0.0318,0.135,0.345,6.5,29,Bundle campaign for Mondelez Confectionery targeting 26-35 demographic in Bekasi,80,High,High
PROMO044,GRATIS Sticker - Pembelian Minimal!,digital,Confectionery,Mars,premium,MAR-CON-254,2024-Q4,awareness,medium,1784,21,46-55,High,Bekasi,Purple-Premium,Minimalist,Authoritative,Friendly,free_gift,0.412,4.1,0.0828,0.232,0.122,4.2,35,Free_Gift campaign for Mars Confectionery targeting 46-55 demographic in Bekasi,79,Medium-High,Medium-Low
PROMO045,HEMAT 70% - Hemat Lebih!,digital,Personal Care,Dove,mass,DOV-PER-254,2024-Q3,retention,medium,1474,45,18-25,High,Bekasi,Purple-Premium,Lifestyle,Professional,Fun,discount,0.278,3.7,0.0705,0.134,0.146,3.4,24,Discount campaign for Dove Personal Care targeting 18-25 demographic in Bekasi,78,Medium-Low,Medium-Low
PROMO046,BELI 2 DAPAT 2 - Jangan Terlewat!,digital,Traditional Medicine,Sido Muncul,economy,SID-TRA-183,2025-Q2,awareness,medium,807,21,55+,High,Semarang,Green-Fresh,Minimalist,Emotional,Fun,bogo,0.299,3.6,0.0679,0.133,0.146,3.6,33,Bogo campaign for Sido Muncul Traditional Medicine targeting 55+ demographic in Semarang,88,Medium-High,Medium-Low
PROMO047,COMBO SPECIAL - Double Value!,tv,Dairy,Ultra Milk,economy,ULT-DAI-856,2025-Q2,conversion,medium,1605,90,26-35,Low,Semarang,Black-Elegant,Festival,Urgent,Fun,bundle,0.492,5.5,0.0662,0.138,0.255,5.2,29,Bundle campaign for Ultra Milk Dairy targeting 26-35 demographic in Semarang,76,High,Medium-High
PROMO048,KOMPETISI Kirim Video - Hadiah Mingguan!,digital,Personal Care,Vaseline,premium,VAS-PER-265,2025-Q1,upselling,medium,1580,30,36-45,High,Tangerang,Black-Elegant,Family,Playful,Fun,contest,0.322,4.6,0.0787,0.038,0.223,4.7,40,Contest campaign for Vaseline Personal Care targeting 36-45 demographic in Tangerang,84,Medium-High,Medium-High
PROMO049,GRATIS Tumbler - Pembelian Minimal!,flyer,Beverages,Aqua,premium,AQU-BEV-201,2025-Q2,awareness,medium,557,21,46-55,Upper-Middle,Medan,Yellow-Energy,Product-Focus,Professional,Trustworthy,free_gift,0.216,3.5,0.0126,0.026,0.223,3.3,35,Free_Gift campaign for Aqua Beverages targeting 46-55 demographic in Medan,74,Medium-Low,Medium-Low
PROMO050,CONTEST Foto Kreativ - Smartphone!,digital,Confectionery,Mars,mass,MAR-CON-956,2025-Q2,acquisition,medium,628,7,18-25,Middle,Palembang,Purple-Premium,Festival,Authoritative,Premium,contest,0.33,5.5,0.0767,0.058,0.209,4.5,34,Contest campaign for Mars Confectionery targeting 18-25 demographic in Palembang,80,Medium-High,Medium-High
PROMO051,PAKET HEMAT - Sunsilk + Extra Size!,digital,Personal Care,Sunsilk,premium,SUN-PER-659,2025-Q1,conversion,low,72,21,26-35,Low,Bekasi,Purple-Premium,Festival,Professional,Trustworthy,bundle,0.269,5.7,0.0597,0.128,0.244,6.8,35,Bundle campaign for Sunsilk Personal Care targeting 26-35 demographic in Bekasi,79,Medium-Low,High
PROMO052,BELI 1 GRATIS 1 - Hemat Lebih!,in-store,Confectionery,Mars,economy,MAR-CON-227,2024-Q3,acquisition,premium,31753,21,26-35,Upper-Middle,Makassar,Black-Elegant,Festival,Urgent,Caring,bogo,0.424,5.0,0.0788,0.066,0.165,4.1,30,Bogo campaign for Mars Confectionery targeting 26-35 demographic in Makassar,76,High,Medium-High
PROMO053,BUY 2 GET 1 FREE - Colgate Personal Care!,digital,Personal Care,Colgate,economy,COL-PER-557,2025-Q1,acquisition,high,5636,21,36-45,High,Bekasi,Purple-Premium,Celebrity,Friendly,Serious,bogo,0.318,6.8,0.0855,0.138,0.164,5.9,41,Bogo campaign for Colgate Personal Care targeting 36-45 demographic in Bekasi,77,Medium-High,High
PROMO054,MENANG Trip Bali - Upload Foto!,digital,Beverages,Kalbe,premium,KAL-BEV-881,2024-Q4,retention,medium,1261,30,46-55,Low,Bekasi,Blue-Trust,Minimalist,Playful,Friendly,contest,0.193,3.7,0.0756,0.176,0.284,3.4,31,Contest campaign for Kalbe Beverages targeting 46-55 demographic in Bekasi,74,Low,Medium-Low
PROMO055,DISKON 20% - Jangan Terlewat!,digital,Condiments,Indofood,economy,IND-CON-427,2025-Q2,acquisition,medium,1896,90,18-25,High,Bandung,Purple-Premium,Celebrity,Urgent,Caring,discount,0.423,4.8,0.0469,0.096,0.129,4.3,29,Discount campaign for Indofood Condiments targeting 18-25 demographic in Bandung,80,High,Medium-High
PROMO056,KOMPETISI Kirim Video - Grand Prize!,in-store,Confectionery,Mondelez,mass,MON-CON-520,2025-Q2,retention,high,5921,45,55+,Low,Surabaya,Green-Fresh,Celebrity,Emotional,Serious,contest,0.199,4.1,0.0143,0.046,0.077,3.3,36,Contest campaign for Mondelez Confectionery targeting 55+ demographic in Surabaya,81,Low,Medium-Low
PROMO057,PAKET HEMAT - Pantene + Extra Size!,in-store,Personal Care,Pantene,mass,PAN-PER-195,2025-Q2,awareness,medium,1758,45,36-45,Middle,Depok,Green-Fresh,Lifestyle,Emotional,Friendly,bundle,0.321,3.6,0.0432,0.033,0.148,3.5,35,Bundle campaign for Pantene Personal Care targeting 36-45 demographic in Depok,78,Medium-High,Medium-Low
PROMO058,FREE Tumbler - Akhir Bulan!,in-store,Personal Care,Clear,premium,CLE-PER-525,2024-Q4,conversion,medium,823,30,26-35,High,Semarang,Yellow-Energy,Product-Focus,Emotional,Exciting,free_gift,0.328,5.6,0.0493,0.13,0.23,4.6,27,Free_Gift campaign for Clear Personal Care targeting 26-35 demographic in Semarang,82,Medium-High,Medium-High
PROMO059,BUNDLE DEAL - Hemat Lebih!,digital,Personal Care,Lifebuoy,premium,LIF-PER-881,2024-Q3,retention,high,4561,14,46-55,Middle,Bandung,Black-Elegant,Family,Authoritative,Serious,bundle,0.317,6.0,0.0917,0.25,0.369,5.2,26,Bundle campaign for Lifebuoy Personal Care targeting 46-55 demographic in Bandung,81,Medium-High,High
PROMO060,DISKON 50% - Jangan Terlewat!,digital,Personal Care,Wardah,premium,WAR-PER-146,2025-Q2,acquisition,medium,1325,21,18-25,High,Bandung,Green-Fresh,Minimalist,Professional,Caring,discount,0.412,7.5,0.0185,0.15,0.371,7.7,29,Discount campaign for Wardah Personal Care targeting 18-25 demographic in Bandung,81,Medium-High,High
PROMO061,FREE Tas - Akhir Bulan!,digital,Personal Care,Oral-B,premium,ORA-PER-627,2025-Q2,retention,medium,805,45,18-25,Middle,Makassar,Black-Elegant,Celebrity,Authoritative,Premium,free_gift,0.247,4.6,0.0656,0.142,0.372,4.4,23,Free_Gift campaign for Oral-B Personal Care targeting 18-25 demographic in Makassar,83,Medium-Low,Medium-High
PROMO062,CONTEST Story Instagram - Hadiah Jutaan!,outdoor,Instant Noodles,Indomie,premium,IND-INS-734,2025-Q1,retention,low,372,60,55+,Middle,Jakarta,Orange-Warm,Celebrity,Friendly,Fun,contest,0.178,2.4,0.0173,0.021,0.051,2.0,40,Contest campaign for Indomie Instant Noodles targeting 55+ demographic in Jakarta,81,Low,Low
PROMO063,SALE 10% OFF - Nivea Personal Care!,tv,Personal Care,Nivea,economy,NIV-PER-450,2024-Q4,conversion,low,285,45,26-35,Upper-Middle,Tangerang,Orange-Warm,Celebrity,Professional,Trustworthy,discount,0.205,4.5,0.0134,0.055,0.196,3.7,35,Discount campaign for Nivea Personal Care targeting 26-35 demographic in Tangerang,82,Low,Medium-High
PROMO064,BUNDLE DEAL - Best Deal!,digital,Snacks,Mondelez,premium,MON-SNA-306,2025-Q2,conversion,low,295,14,36-45,Low,Makassar,Yellow-Energy,Minimalist,Professional,Serious,bundle,0.555,4.8,0.0228,0.138,0.219,5.5,24,Bundle campaign for Mondelez Snacks targeting 36-45 demographic in Makassar,75,High,Medium-High
PROMO065,BELI 2 DAPAT 2 - Stok Terbatas!,tv,Beverages,Coca-Cola,premium,COC-BEV-687,2024-Q4,conversion,low,95,60,26-35,Upper-Middle,Makassar,Green-Fresh,Minimalist,Urgent,Caring,bogo,0.612,7.9,0.0433,0.063,0.291,8.8,31,Bogo campaign for Coca-Cola Beverages targeting 26-35 demographic in Makassar,77,High,High
PROMO066,SPECIAL 70% DISCOUNT - Akhir Bulan!,flyer,Beauty,Unilever,premium,UNI-BEA-835,2024-Q4,conversion,medium,1827,21,36-45,Middle,Surabaya,Green-Fresh,Lifestyle,Emotional,Premium,discount,0.517,4.4,0.0375,0.126,0.123,5.2,35,Discount campaign for Unilever Beauty targeting 36-45 demographic in Surabaya,77,High,Medium-Low
PROMO067,BELI 2 DAPAT 1 - Jangan Terlewat!,flyer,Beauty,Mustika Ratu,premium,MUS-BEA-468,2024-Q4,retention,medium,1035,60,36-45,Upper-Middle,Semarang,Orange-Warm,Minimalist,Authoritative,Exciting,bogo,0.238,2.7,0.0651,0.123,0.073,3.2,33,Bogo campaign for Mustika Ratu Beauty targeting 36-45 demographic in Semarang,77,Medium-Low,Low
PROMO068,CONTEST Story Instagram - Voucher 1 Juta!,in-store,Personal Care,P&G,mass,P&G-PER-214,2025-Q1,retention,low,89,45,26-35,Low,Depok,Yellow-Energy,Animation,Emotional,Friendly,contest,0.141,2.6,0.0259,0.109,0.102,2.1,41,Contest campaign for P&G Personal Care targeting 26-35 demographic in Depok,75,Low,Low
PROMO069,COMBO SPECIAL - Double Value!,digital,Beverages,Sido Muncul,premium,SID-BEV-146,2025-Q1,conversion,medium,1684,7,18-25,High,Semarang,Black-Elegant,Product-Focus,Emotional,Trustworthy,bundle,0.736,5.1,0.0505,0.224,0.375,5.3,29,Bundle campaign for Sido Muncul Beverages targeting 18-25 demographic in Semarang,81,High,Medium-High
PROMO070,BUNDLE DEAL - Mega Hemat!,in-store,Personal Care,Head & Shoulders,premium,HEA-PER-836,2024-Q4,awareness,premium,40343,60,46-55,Middle,Medan,Black-Elegant,Product-Focus,Urgent,Friendly,bundle,0.539,6.2,0.0595,0.122,0.36,6.8,25,Bundle campaign for Head & Shoulders Personal Care targeting 46-55 demographic in Medan,87,High,High
PROMO071,BELI 1 DAPAT 1 - Stok Terbatas!,digital,Personal Care,Head & Shoulders,economy,HEA-PER-339,2025-Q2,conversion,medium,1531,21,46-55,High,Medan,Orange-Warm,Lifestyle,Urgent,Trustworthy,bogo,0.42,5.2,0.0157,0.081,0.059,5.3,31,Bogo campaign for Head & Shoulders Personal Care targeting 46-55 demographic in Medan,85,High,Medium-High
PROMO072,SALE 50% OFF - L'Oréal Personal Care!,digital,Personal Care,L'Oréal,premium,L'O-PER-670,2025-Q1,upselling,low,261,30,26-35,Upper-Middle,Bandung,Black-Elegant,Celebrity,Urgent,Fun,discount,0.27,5.4,0.0431,0.044,0.098,5.9,37,Discount campaign for L'Oréal Personal Care targeting 26-35 demographic in Bandung,82,Medium-Low,Medium-High
PROMO073,DAPAT CASHBACK Rp 50000 - Flash Sale!,digital,Personal Care,Vaseline,mass,VAS-PER-820,2025-Q2,conversion,medium,1924,45,26-35,Middle,Surabaya,Purple-Premium,Festival,Playful,Trustworthy,cashback,0.463,4.0,0.0191,0.133,0.077,4.5,37,Cashback campaign for Vaseline Personal Care targeting 26-35 demographic in Surabaya,84,High,Medium-Low
PROMO074,CASHBACK SPECIAL - Terbatas!,digital,Health Supplements,Yakult,premium,YAK-HEA-402,2024-Q3,upselling,medium,1974,30,26-35,Middle,Jakarta,Green-Fresh,Animation,Authoritative,Fun,cashback,0.399,4.6,0.0249,0.231,0.195,4.3,28,Cashback campaign for Yakult Health Supplements targeting 26-35 demographic in Jakarta,86,Medium-High,Medium-High
PROMO075,KOMPETISI Kirim Video - Grand Prize!,in-store,Dairy,Ultra Milk,economy,ULT-DAI-240,2024-Q3,upselling,high,2052,30,18-25,Low,Surabaya,Black-Elegant,Minimalist,Urgent,Caring,contest,0.283,4.6,0.0822,0.123,0.13,3.8,36,Contest campaign for Ultra Milk Dairy targeting 18-25 demographic in Surabaya,77,Medium-Low,Medium-High
PROMO076,BONUS Sticker - Hemat Lebih!,digital,Personal Care,Unilever,premium,UNI-PER-914,2025-Q2,conversion,medium,1225,21,55+,Middle,Medan,Blue-Trust,Animation,Authoritative,Friendly,free_gift,0.676,7.3,0.0619,0.215,0.113,7.3,28,Free_Gift campaign for Unilever Personal Care targeting 55+ demographic in Medan,80,High,High
PROMO077,BUY 2 GET 2 FREE - Oral-B Personal Care!,outdoor,Personal Care,Oral-B,mass,ORA-PER-586,2024-Q3,acquisition,medium,1917,45,36-45,Low,Depok,Red-Bold,Lifestyle,Friendly,Caring,bogo,0.177,3.1,0.0098,0.025,0.051,3.3,40,Bogo campaign for Oral-B Personal Care targeting 36-45 demographic in Depok,75,Low,Low
PROMO078,SALE 40% OFF - Coca-Cola Beverages!,in-store,Beverages,Coca-Cola,economy,COC-BEV-719,2025-Q2,retention,high,2622,21,18-25,Upper-Middle,Jakarta,Red-Bold,Celebrity,Friendly,Caring,discount,0.22,3.0,0.0804,0.071,0.111,3.4,35,Discount campaign for Coca-Cola Beverages targeting 18-25 demographic in Jakarta,80,Medium-Low,Low
PROMO079,DAPAT CASHBACK Rp 10000 - Flash Sale!,digital,Personal Care,Oral-B,mass,ORA-PER-235,2025-Q1,acquisition,medium,1052,7,36-45,Low,Surabaya,Red-Bold,Family,Playful,Friendly,cashback,0.354,6.5,0.013,0.175,0.07,7.5,37,Cashback campaign for Oral-B Personal Care targeting 36-45 demographic in Surabaya,82,Medium-High,High
PROMO080,HEMAT 50% - Best Deal!,digital,Condiments,ABC,economy,ABC-CON-406,2025-Q1,awareness,low,191,30,36-45,Upper-Middle,Tangerang,Blue-Trust,Product-Focus,Friendly,Premium,discount,0.196,3.1,0.0116,0.071,0.187,3.1,22,Discount campaign for ABC Condiments targeting 36-45 demographic in Tangerang,77,Low,Low
PROMO081,SALE 30% OFF - Lifebuoy Personal Care!,digital,Personal Care,Lifebuoy,premium,LIF-PER-602,2025-Q1,acquisition,medium,1923,60,46-55,Upper-Middle,Bandung,Yellow-Energy,Family,Professional,Serious,discount,0.586,7.6,0.0652,0.158,0.26,8.9,38,Discount campaign for Lifebuoy Personal Care targeting 46-55 demographic in Bandung,83,High,High
PROMO082,BONUS Sample - Mega Hemat!,in-store,Home Care,P&G,mass,P&G-HOM-618,2025-Q2,retention,low,255,45,46-55,High,Surabaya,Yellow-Energy,Animation,Playful,Fun,free_gift,0.085,1.9,0.0612,0.109,0.113,2.0,26,Free_Gift campaign for P&G Home Care targeting 46-55 demographic in Surabaya,76,Low,Low
PROMO083,SALE 40% OFF - Pantene Personal Care!,tv,Personal Care,Pantene,mass,PAN-PER-218,2024-Q4,upselling,medium,1351,7,46-55,Middle,Makassar,Red-Bold,Celebrity,Urgent,Friendly,discount,0.268,4.4,0.0594,0.092,0.233,3.6,37,Discount campaign for Pantene Personal Care targeting 46-55 demographic in Makassar,83,Medium-Low,Medium-Low
PROMO084,SPECIAL 70% DISCOUNT - Flash Sale!,digital,Dairy,Ultra Milk,economy,ULT-DAI-755,2025-Q1,conversion,medium,877,14,55+,High,Tangerang,Blue-Trust,Festival,Playful,Serious,discount,0.473,5.7,0.0565,0.086,0.107,6.4,34,Discount campaign for Ultra Milk Dairy targeting 55+ demographic in Tangerang,77,High,High
PROMO085,MENANG Voucher 1 Juta - Kirim Video!,digital,Personal Care,Head & Shoulders,premium,HEA-PER-568,2025-Q1,acquisition,medium,1220,90,55+,High,Bekasi,Yellow-Energy,Animation,Urgent,Friendly,contest,0.604,6.0,0.1151,0.198,0.374,6.5,36,Contest campaign for Head & Shoulders Personal Care targeting 55+ demographic in Bekasi,87,High,High
PROMO086,SALE 30% OFF - Mustika Ratu Personal Care!,digital,Personal Care,Mustika Ratu,premium,MUS-PER-734,2024-Q4,upselling,low,481,30,26-35,Middle,Tangerang,Green-Fresh,Lifestyle,Friendly,Friendly,discount,0.302,4.4,0.094,0.165,0.074,3.6,42,Discount campaign for Mustika Ratu Personal Care targeting 26-35 demographic in Tangerang,89,Medium-High,Medium-Low
PROMO087,BONUS Tumbler - Mega Hemat!,flyer,Traditional Medicine,Sido Muncul,premium,SID-TRA-686,2024-Q4,acquisition,low,311,7,36-45,Middle,Tangerang,Orange-Warm,Minimalist,Playful,Fun,free_gift,0.271,4.3,0.0658,0.033,0.14,4.1,27,Free_Gift campaign for Sido Muncul Traditional Medicine targeting 36-45 demographic in Tangerang,96,Medium-Low,Medium-Low
PROMO088,CONTEST Foto Kreativ - Trip Bali!,flyer,Snacks,Chitato,premium,CHI-SNA-160,2024-Q3,retention,medium,923,90,36-45,High,Bandung,Orange-Warm,Lifestyle,Friendly,Caring,contest,0.255,3.4,0.0714,0.084,0.138,3.1,33,Contest campaign for Chitato Snacks targeting 36-45 demographic in Bandung,74,Medium-Low,Medium-Low
PROMO089,FREE Tas - Akhir Bulan!,digital,Snacks,Mondelez,premium,MON-SNA-627,2024-Q4,retention,premium,16101,30,26-35,Upper-Middle,Palembang,Yellow-Energy,Celebrity,Urgent,Serious,free_gift,0.254,7.7,0.12,0.25,0.4,7.9,23,Free_Gift campaign for Mondelez Snacks targeting 26-35 demographic in Palembang,79,Medium-Low,High
PROMO090,MENANG Trip Bali - Share Post!,flyer,Beverages,Coca-Cola,mass,COC-BEV-261,2025-Q1,retention,medium,754,90,18-25,Low,Surabaya,Purple-Premium,Festival,Playful,Exciting,contest,0.172,2.7,0.0556,0.042,0.112,2.3,30,Contest campaign for Coca-Cola Beverages targeting 18-25 demographic in Surabaya,80,Low,Low
PROMO091,CONTEST Story Instagram - Smartphone!,tv,Beauty,Dove,mass,DOV-BEA-331,2025-Q1,conversion,premium,18696,45,46-55,Low,Surabaya,Red-Bold,Lifestyle,Playful,Exciting,contest,0.8,8.0,0.0546,0.225,0.365,9.5,37,Contest campaign for Dove Beauty targeting 46-55 demographic in Surabaya,72,High,High
PROMO092,BUY 1 GET 1 FREE - Vaseline Personal Care!,digital,Personal Care,Vaseline,mass,VAS-PER-730,2024-Q3,awareness,premium,19920,30,18-25,Middle,Tangerang,Green-Fresh,Minimalist,Friendly,Serious,bogo,0.311,6.3,0.0836,0.217,0.277,7.2,42,Bogo campaign for Vaseline Personal Care targeting 18-25 demographic in Tangerang,81,Medium-High,High
PROMO093,DAPAT CASHBACK Rp 50000 - Weekend Special!,in-store,Personal Care,Dove,premium,DOV-PER-345,2025-Q1,conversion,high,9355,90,26-35,Middle,Palembang,Green-Fresh,Minimalist,Urgent,Caring,cashback,0.618,7.9,0.12,0.122,0.13,6.4,42,Cashback campaign for Dove Personal Care targeting 26-35 demographic in Palembang,81,High,High
PROMO094,HEMAT 40% - Mega Hemat!,flyer,Personal Care,Sunsilk,mass,SUN-PER-755,2025-Q2,upselling,low,255,7,46-55,Upper-Middle,Depok,Black-Elegant,Celebrity,Playful,Serious,discount,0.168,2.5,0.0379,0.031,0.049,2.0,23,Discount campaign for Sunsilk Personal Care targeting 46-55 demographic in Depok,80,Low,Low
PROMO095,BELI 2 DAPAT 1 - Jangan Terlewat!,radio,Dairy,Ultra Milk,mass,ULT-DAI-629,2025-Q2,upselling,premium,32721,45,18-25,Low,Bandung,Purple-Premium,Product-Focus,Friendly,Premium,bogo,0.273,5.1,0.0506,0.104,0.312,4.8,33,Bogo campaign for Ultra Milk Dairy targeting 18-25 demographic in Bandung,73,Medium-Low,Medium-High
PROMO096,DAPAT CASHBACK Rp 50000 - Limited Time!,digital,Beverages,Nestlé,mass,NES-BEV-472,2025-Q2,awareness,high,2376,30,26-35,Low,Jakarta,Black-Elegant,Festival,Urgent,Trustworthy,cashback,0.394,5.7,0.0589,0.157,0.347,6.8,39,Cashback campaign for Nestlé Beverages targeting 26-35 demographic in Jakarta,77,Medium-High,High
PROMO097,CONTEST Foto Kreativ - Hadiah Jutaan!,in-store,Personal Care,Nivea,premium,NIV-PER-435,2024-Q4,upselling,high,8920,21,18-25,High,Surabaya,Yellow-Energy,Festival,Professional,Caring,contest,0.291,7.4,0.0751,0.091,0.24,8.8,37,Contest campaign for Nivea Personal Care targeting 18-25 demographic in Surabaya,80,Medium-Low,High
PROMO098,GRATIS Tas - Pelanggan Setia!,digital,Beverages,ABC,mass,ABC-BEV-828,2024-Q4,retention,medium,622,14,36-45,Low,Medan,Orange-Warm,Lifestyle,Playful,Premium,free_gift,0.209,3.0,0.0652,0.061,0.078,2.5,29,Free_Gift campaign for ABC Beverages targeting 36-45 demographic in Medan,73,Low,Low
PROMO099,CASHBACK SPECIAL - Stok Terbatas!,flyer,Beverages,Coca-Cola,premium,COC-BEV-259,2025-Q1,upselling,medium,1697,7,36-45,High,Semarang,Blue-Trust,Product-Focus,Friendly,Trustworthy,cashback,0.176,3.2,0.0205,0.107,0.09,3.0,33,Cashback campaign for Coca-Cola Beverages targeting 36-45 demographic in Semarang,81,Low,Low
PROMO100,BUY 1 GET 1 FREE - Teh Botol Sosro Beverages!,digital,Beverages,Teh Botol Sosro,economy,TEH-BEV-131,2025-Q1,acquisition,low,469,14,36-45,High,Depok,Red-Bold,Minimalist,Professional,Friendly,bogo,0.33,3.4,0.0436,0.033,0.068,2.8,45,Bogo campaign for Teh Botol Sosro Beverages targeting 36-45 demographic in Depok,80,Medium-High,Medium-Low
PROMO101,BELI 1 GRATIS 2 - Super Value!,flyer,Personal Care,Oral-B,premium,ORA-PER-151,2025-Q1,awareness,medium,587,30,46-55,Middle,Surabaya,Black-Elegant,Festival,Professional,Exciting,bogo,0.191,3.0,0.0233,0.033,0.077,3.0,30,Bogo campaign for Oral-B Personal Care targeting 46-55 demographic in Surabaya,78,Low,Low
PROMO102,CASHBACK 40% - Super Value!,digital,Personal Care,Wardah,premium,WAR-PER-916,2024-Q3,acquisition,medium,908,60,46-55,Low,Surabaya,Green-Fresh,Celebrity,Friendly,Premium,cashback,0.454,6.6,0.0706,0.171,0.09,7.4,27,Cashback campaign for Wardah Personal Care targeting 46-55 demographic in Surabaya,82,High,High
PROMO103,FREE Tumbler - Flash Sale!,digital,Personal Care,Vaseline,premium,VAS-PER-910,2024-Q3,acquisition,high,6371,90,26-35,Middle,Surabaya,Blue-Trust,Minimalist,Friendly,Friendly,free_gift,0.762,7.4,0.12,0.25,0.126,6.8,26,Free_Gift campaign for Vaseline Personal Care targeting 26-35 demographic in Surabaya,85,High,High
PROMO104,BELI 2 GRATIS 1 - Best Deal!,outdoor,Health Supplements,Sido Muncul,economy,SID-HEA-233,2025-Q2,retention,premium,23203,90,26-35,Middle,Jakarta,Orange-Warm,Celebrity,Urgent,Friendly,bogo,0.186,2.6,0.0192,0.04,0.104,2.6,28,Bogo campaign for Sido Muncul Health Supplements targeting 26-35 demographic in Jakarta,87,Low,Low
PROMO105,MENANG Voucher 1 Juta - Kirim Video!,digital,Confectionery,Mars,economy,MAR-CON-934,2024-Q3,retention,low,390,45,36-45,Middle,Depok,Purple-Premium,Animation,Professional,Trustworthy,contest,0.148,2.0,0.0325,0.09,0.044,1.8,36,Contest campaign for Mars Confectionery targeting 36-45 demographic in Depok,76,Low,Low
PROMO106,KOMPETISI Share Post - Grand Prize!,digital,Personal Care,Mustika Ratu,economy,MUS-PER-362,2025-Q2,conversion,low,84,21,36-45,High,Jakarta,Green-Fresh,Lifestyle,Friendly,Serious,contest,0.318,4.4,0.0352,0.068,0.055,4.3,35,Contest campaign for Mustika Ratu Personal Care targeting 36-45 demographic in Jakarta,86,Medium-High,Medium-Low
PROMO107,DAPAT CASHBACK Rp 5000 - Limited Time!,flyer,Beverages,Teh Botol Sosro,economy,TEH-BEV-728,2025-Q1,acquisition,premium,32147,45,26-35,High,Bandung,Purple-Premium,Product-Focus,Authoritative,Exciting,cashback,0.342,3.8,0.0277,0.066,0.052,3.6,38,Cashback campaign for Teh Botol Sosro Beverages targeting 26-35 demographic in Bandung,86,Medium-High,Medium-Low
PROMO108,HEMAT 25% - Mega Hemat!,digital,Personal Care,Lifebuoy,premium,LIF-PER-304,2025-Q1,upselling,high,6916,30,18-25,High,Surabaya,Green-Fresh,Festival,Emotional,Serious,discount,0.369,6.8,0.0373,0.25,0.342,7.3,23,Discount campaign for Lifebuoy Personal Care targeting 18-25 demographic in Surabaya,84,Medium-High,High
PROMO109,DAPAT CASHBACK Rp 10000 - Limited Time!,digital,Beverages,Teh Botol Sosro,economy,TEH-BEV-452,2025-Q1,awareness,medium,675,60,36-45,Low,Bandung,Black-Elegant,Minimalist,Emotional,Exciting,cashback,0.296,3.1,0.0154,0.086,0.161,3.4,39,Cashback campaign for Teh Botol Sosro Beverages targeting 36-45 demographic in Bandung,86,Medium-High,Low
PROMO110,CASHBACK SPECIAL - Jangan Terlewat!,in-store,Personal Care,Pantene,mass,PAN-PER-306,2025-Q2,upselling,medium,1899,30,26-35,Middle,Medan,Blue-Trust,Product-Focus,Playful,Exciting,cashback,0.215,3.0,0.0299,0.067,0.179,3.1,35,Cashback campaign for Pantene Personal Care targeting 26-35 demographic in Medan,80,Low,Low
PROMO111,BUNDLE DEAL - Mega Hemat!,digital,Dairy,Ultra Milk,mass,ULT-DAI-276,2025-Q1,awareness,medium,1468,7,46-55,Upper-Middle,Palembang,Purple-Premium,Celebrity,Authoritative,Fun,bundle,0.265,4.8,0.0629,0.061,0.084,4.1,25,Bundle campaign for Ultra Milk Dairy targeting 46-55 demographic in Palembang,77,Medium-Low,Medium-High
PROMO112,MENANG Hadiah Jutaan - Kirim Video!,flyer,Beverages,Coca-Cola,mass,COC-BEV-552,2025-Q1,awareness,medium,682,14,46-55,Upper-Middle,Semarang,Purple-Premium,Celebrity,Authoritative,Serious,contest,0.159,2.2,0.0184,0.046,0.068,2.5,35,Contest campaign for Coca-Cola Beverages targeting 46-55 demographic in Semarang,80,Low,Low
PROMO113,GRATIS Tas - Pembelian Minimal!,flyer,Health Supplements,Yakult,premium,YAK-HEA-347,2025-Q1,upselling,high,7580,7,36-45,Upper-Middle,Tangerang,Orange-Warm,Celebrity,Emotional,Exciting,free_gift,0.219,5.0,0.0524,0.2,0.098,4.8,31,Free_Gift campaign for Yakult Health Supplements targeting 36-45 demographic in Tangerang,89,Medium-Low,Medium-High
PROMO114,BUY 1 GET 1 FREE - Colgate Personal Care!,digital,Personal Care,Colgate,premium,COL-PER-358,2024-Q4,acquisition,medium,517,14,18-25,Low,Tangerang,Blue-Trust,Minimalist,Friendly,Fun,bogo,0.692,8.0,0.1048,0.084,0.131,8.7,41,Bogo campaign for Colgate Personal Care targeting 18-25 demographic in Tangerang,80,High,High
PROMO115,COMBO SPECIAL - Lebih Hemat!,digital,Personal Care,Johnson & Johnson,mass,JOH-PER-776,2024-Q3,retention,medium,1728,30,36-45,Middle,Bandung,Orange-Warm,Festival,Friendly,Exciting,bundle,0.287,3.4,0.06,0.068,0.245,3.0,28,Bundle campaign for Johnson & Johnson Personal Care targeting 36-45 demographic in Bandung,90,Medium-Low,Medium-Low
PROMO116,CASHBACK SPECIAL - Hari Ini Saja!,digital,Beauty,L'Oréal,mass,L'O-BEA-992,2025-Q1,retention,low,164,60,55+,Middle,Makassar,Purple-Premium,Product-Focus,Friendly,Friendly,cashback,0.143,2.5,0.0437,0.049,0.07,2.6,33,Cashback campaign for L'Oréal Beauty targeting 55+ demographic in Makassar,74,Low,Low
PROMO117,SPECIAL 10% DISCOUNT - Weekend Special!,digital,Personal Care,Johnson & Johnson,mass,JOH-PER-440,2024-Q3,retention,low,91,30,46-55,Middle,Makassar,Black-Elegant,Minimalist,Friendly,Caring,discount,0.138,2.8,0.02,0.079,0.15,2.3,39,Discount campaign for Johnson & Johnson Personal Care targeting 46-55 demographic in Makassar,93,Low,Low
PROMO118,BELI 2 DAPAT 2 - Jangan Terlewat!,flyer,Personal Care,Mustika Ratu,mass,MUS-PER-810,2025-Q2,acquisition,low,177,14,36-45,Middle,Jakarta,Purple-Premium,Product-Focus,Emotional,Serious,bogo,0.203,2.4,0.0092,0.095,0.073,2.7,33,Bogo campaign for Mustika Ratu Personal Care targeting 36-45 demographic in Jakarta,83,Low,Low
PROMO119,HEMAT 30% - Best Deal!,digital,Snacks,Mondelez,mass,MON-SNA-911,2025-Q2,upselling,medium,1956,60,26-35,Low,Bekasi,Orange-Warm,Lifestyle,Urgent,Friendly,discount,0.226,4.8,0.0759,0.117,0.173,4.6,22,Discount campaign for Mondelez Snacks targeting 26-35 demographic in Bekasi,75,Medium-Low,Medium-High
PROMO120,GRATIS Voucher - Member Khusus!,in-store,Dairy,Kalbe,premium,KAL-DAI-720,2024-Q3,retention,high,4211,45,18-25,Upper-Middle,Palembang,Purple-Premium,Product-Focus,Emotional,Fun,free_gift,0.257,5.7,0.1152,0.246,0.127,6.3,31,Free_Gift campaign for Kalbe Dairy targeting 18-25 demographic in Palembang,75,Medium-Low,High
PROMO121,PAKET HEMAT - Indomie + Extra Size!,in-store,Instant Noodles,Indomie,premium,IND-INS-605,2024-Q4,awareness,medium,1675,60,36-45,Middle,Jakarta,Red-Bold,Minimalist,Urgent,Exciting,bundle,0.439,3.6,0.0191,0.151,0.214,4.1,35,Bundle campaign for Indomie Instant Noodles targeting 36-45 demographic in Jakarta,82,High,Medium-Low
PROMO122,COMBO SPECIAL - Lebih Hemat!,digital,Dairy,Ultra Milk,premium,ULT-DAI-466,2025-Q2,awareness,high,3396,21,18-25,Low,Jakarta,Black-Elegant,Lifestyle,Emotional,Serious,bundle,0.361,7.5,0.0489,0.084,0.168,8.4,28,Bundle campaign for Ultra Milk Dairy targeting 18-25 demographic in Jakarta,75,Medium-High,High
PROMO123,SPECIAL 50% DISCOUNT - Limited Time!,digital,Beauty,Dove,economy,DOV-BEA-467,2024-Q4,awareness,medium,1277,90,55+,High,Bekasi,Purple-Premium,Celebrity,Friendly,Fun,discount,0.272,3.2,0.0337,0.129,0.123,3.6,36,Discount campaign for Dove Beauty targeting 55+ demographic in Bekasi,69,Medium-Low,Low
PROMO124,DAPAT CASHBACK Rp 50000 - Flash Sale!,in-store,Confectionery,Mayora,premium,MAY-CON-758,2025-Q1,conversion,medium,611,7,46-55,Upper-Middle,Palembang,Blue-Trust,Festival,Authoritative,Fun,cashback,0.431,5.4,0.0551,0.077,0.259,5.4,37,Cashback campaign for Mayora Confectionery targeting 46-55 demographic in Palembang,83,High,Medium-High
PROMO125,BUY 2 GET 1 FREE - Wardah Personal Care!,in-store,Personal Care,Wardah,premium,WAR-PER-945,2025-Q2,conversion,low,331,7,46-55,Low,Surabaya,Yellow-Energy,Celebrity,Urgent,Fun,bogo,0.28,5.9,0.0383,0.094,0.241,6.2,40,Bogo campaign for Wardah Personal Care targeting 46-55 demographic in Surabaya,78,Medium-Low,High
PROMO126,BUNDLE DEAL - Mega Hemat!,in-store,Beverages,ABC,premium,ABC-BEV-860,2024-Q3,upselling,low,470,60,36-45,Upper-Middle,Surabaya,Red-Bold,Lifestyle,Playful,Trustworthy,bundle,0.174,4.6,0.0561,0.066,0.081,5.1,25,Bundle campaign for ABC Beverages targeting 36-45 demographic in Surabaya,73,Low,Medium-High
PROMO127,BUY 1 GET 1 FREE - Pantene Personal Care!,flyer,Personal Care,Pantene,premium,PAN-PER-848,2025-Q2,conversion,low,346,14,55+,High,Bekasi,Yellow-Energy,Animation,Friendly,Serious,bogo,0.321,3.8,0.0604,0.102,0.067,3.5,41,Bogo campaign for Pantene Personal Care targeting 55+ demographic in Bekasi,75,Medium-High,Medium-Low
PROMO128,BONUS Sticker - Mega Hemat!,digital,Instant Noodles,Indomie,economy,IND-INS-788,2025-Q1,upselling,high,7624,21,55+,Middle,Medan,Blue-Trust,Animation,Emotional,Friendly,free_gift,0.234,5.1,0.0154,0.117,0.253,5.8,27,Free_Gift campaign for Indomie Instant Noodles targeting 55+ demographic in Medan,81,Medium-Low,Medium-High
PROMO129,BONUS Tumbler - Mega Hemat!,in-store,Instant Noodles,Indomie,economy,IND-INS-563,2025-Q1,awareness,high,4938,90,26-35,Low,Semarang,Blue-Trust,Festival,Authoritative,Exciting,free_gift,0.227,3.9,0.0185,0.135,0.079,3.7,27,Free_Gift campaign for Indomie Instant Noodles targeting 26-35 demographic in Semarang,86,Medium-Low,Medium-Low
PROMO130,CONTEST Story Instagram - Trip Bali!,in-store,Beverages,Teh Botol Sosro,premium,TEH-BEV-277,2024-Q3,upselling,medium,652,14,36-45,Middle,Medan,Green-Fresh,Celebrity,Friendly,Serious,contest,0.35,4.0,0.0339,0.148,0.252,4.2,36,Contest campaign for Teh Botol Sosro Beverages targeting 36-45 demographic in Medan,83,Medium-High,Medium-Low
PROMO131,FREE Sticker - Weekend Special!,digital,Personal Care,Clear,mass,CLE-PER-525,2025-Q1,retention,medium,1534,14,18-25,Upper-Middle,Depok,Blue-Trust,Lifestyle,Authoritative,Exciting,free_gift,0.245,3.4,0.0332,0.078,0.104,3.9,31,Free_Gift campaign for Clear Personal Care targeting 18-25 demographic in Depok,79,Medium-Low,Medium-Low
PROMO132,BONUS Tas - Hemat Lebih!,digital,Personal Care,Oral-B,premium,ORA-PER-598,2024-Q4,retention,medium,1541,30,36-45,Upper-Middle,Jakarta,Orange-Warm,Festival,Professional,Fun,free_gift,0.293,4.1,0.0661,0.223,0.126,4.2,24,Free_Gift campaign for Oral-B Personal Care targeting 36-45 demographic in Jakarta,82,Medium-High,Medium-Low
PROMO133,SALE 10% OFF - Kalbe Dairy!,digital,Dairy,Kalbe,premium,KAL-DAI-941,2025-Q1,conversion,medium,644,45,18-25,Low,Surabaya,Red-Bold,Lifestyle,Professional,Fun,discount,0.549,7.5,0.0176,0.208,0.369,7.7,27,Discount campaign for Kalbe Dairy targeting 18-25 demographic in Surabaya,73,High,High
PROMO134,MENANG Voucher 1 Juta - Share Post!,digital,Home Care,Unilever,mass,UNI-HOM-749,2025-Q2,acquisition,medium,1617,21,46-55,Middle,Depok,Blue-Trust,Lifestyle,Emotional,Premium,contest,0.467,6.4,0.0714,0.048,0.198,6.7,35,Contest campaign for Unilever Home Care targeting 46-55 demographic in Depok,76,High,High
PROMO135,DISKON 10% - Jangan Terlewat!,in-store,Dairy,Ultra Milk,economy,ULT-DAI-174,2025-Q1,awareness,medium,1820,45,18-25,Middle,Bekasi,Black-Elegant,Product-Focus,Authoritative,Premium,discount,0.188,2.9,0.0603,0.112,0.112,2.4,29,Discount campaign for Ultra Milk Dairy targeting 18-25 demographic in Bekasi,76,Low,Low
PROMO136,BELI 1 DAPAT 2 - Stok Terbatas!,digital,Beverages,PepsiCo,premium,PEP-BEV-857,2024-Q4,upselling,medium,953,60,36-45,High,Bandung,Red-Bold,Family,Friendly,Caring,bogo,0.464,6.6,0.0292,0.218,0.349,6.6,31,Bogo campaign for PepsiCo Beverages targeting 36-45 demographic in Bandung,74,High,High
PROMO137,DAPAT CASHBACK Rp 5000 - Limited Time!,digital,Personal Care,Head & Shoulders,economy,HEA-PER-514,2024-Q3,conversion,medium,1691,45,18-25,Low,Jakarta,Black-Elegant,Animation,Emotional,Exciting,cashback,0.362,4.0,0.0133,0.061,0.202,3.2,38,Cashback campaign for Head & Shoulders Personal Care targeting 18-25 demographic in Jakarta,91,Medium-High,Medium-Low
PROMO138,BONUS Sticker - Mega Hemat!,digital,Dairy,Yakult,economy,YAK-DAI-164,2025-Q2,conversion,medium,1498,14,55+,Middle,Tangerang,Green-Fresh,Product-Focus,Friendly,Caring,free_gift,0.288,4.0,0.0457,0.134,0.114,3.8,27,Free_Gift campaign for Yakult Dairy targeting 55+ demographic in Tangerang,74,Medium-Low,Medium-Low
PROMO139,DAPAT CASHBACK Rp 50000 - Akhir Bulan!,digital,Confectionery,Nestlé,premium,NES-CON-911,2024-Q3,upselling,premium,32612,30,18-25,Upper-Middle,Palembang,Blue-Trust,Animation,Playful,Friendly,cashback,0.61,8.0,0.0602,0.184,0.183,7.3,38,Cashback campaign for Nestlé Confectionery targeting 18-25 demographic in Palembang,83,High,High
PROMO140,CONTEST Story Instagram - Voucher 1 Juta!,digital,Personal Care,Lifebuoy,premium,LIF-PER-264,2024-Q4,acquisition,low,343,45,26-35,Middle,Palembang,Red-Bold,Lifestyle,Urgent,Trustworthy,contest,0.436,5.4,0.0924,0.084,0.207,5.7,41,Contest campaign for Lifebuoy Personal Care targeting 26-35 demographic in Palembang,84,High,Medium-High
PROMO141,BELI 1 DAPAT 2 - Stok Terbatas!,digital,Instant Noodles,Indomie,premium,IND-INS-170,2024-Q3,conversion,low,355,45,55+,Upper-Middle,Bandung,Purple-Premium,Minimalist,Professional,Premium,bogo,0.255,6.2,0.028,0.181,0.1,6.0,31,Bogo campaign for Indomie Instant Noodles targeting 55+ demographic in Bandung,78,Medium-Low,High
PROMO142,BONUS Tumbler - Hemat Lebih!,flyer,Home Care,Unilever,premium,UNI-HOM-921,2025-Q3,awareness,low,269,14,46-55,High,Makassar,Black-Elegant,Product-Focus,Emotional,Fun,free_gift,0.139,3.3,0.0376,0.081,0.053,3.7,28,Free_Gift campaign for Unilever Home Care targeting 46-55 demographic in Makassar,81,Low,Medium-Low
PROMO143,BELI 1 GRATIS 1 - Best Deal!,in-store,Personal Care,Lifebuoy,premium,LIF-PER-648,2024-Q4,acquisition,low,183,90,36-45,Low,Bandung,Yellow-Energy,Minimalist,Authoritative,Friendly,bogo,0.304,5.5,0.0253,0.047,0.06,5.4,28,Bogo campaign for Lifebuoy Personal Care targeting 36-45 demographic in Bandung,79,Medium-High,Medium-High
PROMO144,CASHBACK 40% - Best Deal!,flyer,Personal Care,Head & Shoulders,mass,HEA-PER-498,2024-Q4,conversion,medium,606,14,46-55,Upper-Middle,Depok,Orange-Warm,Minimalist,Emotional,Serious,cashback,0.296,2.6,0.0514,0.063,0.124,2.5,25,Cashback campaign for Head & Shoulders Personal Care targeting 46-55 demographic in Depok,89,Medium-High,Low
PROMO145,HEMAT 25% - Hemat Lebih!,digital,Detergent,Wings,premium,WIN-DET-902,2024-Q4,acquisition,premium,22762,7,46-55,Low,Medan,Black-Elegant,Minimalist,Authoritative,Friendly,discount,0.773,8.0,0.0488,0.102,0.4,10.0,24,Discount campaign for Wings Detergent targeting 46-55 demographic in Medan,74,High,High
PROMO146,BELI 2 GRATIS 1 - Best Deal!,digital,Personal Care,Clear,premium,CLE-PER-618,2025-Q1,retention,low,139,30,55+,Middle,Tangerang,Yellow-Energy,Animation,Urgent,Friendly,bogo,0.195,3.0,0.0687,0.091,0.069,2.6,28,Bogo campaign for Clear Personal Care targeting 55+ demographic in Tangerang,76,Low,Low
PROMO147,BONUS Sticker - Mega Hemat!,radio,Beverages,Teh Botol Sosro,economy,TEH-BEV-952,2024-Q4,awareness,high,2079,60,26-35,Middle,Makassar,Yellow-Energy,Family,Authoritative,Fun,free_gift,0.274,3.3,0.0111,0.046,0.09,3.5,27,Free_Gift campaign for Teh Botol Sosro Beverages targeting 26-35 demographic in Makassar,88,Medium-Low,Medium-Low
PROMO148,DAPAT CASHBACK Rp 10000 - Weekend Special!,tv,Beverages,Nestlé,mass,NES-BEV-106,2024-Q3,retention,low,302,45,36-45,Middle,Surabaya,Red-Bold,Product-Focus,Emotional,Serious,cashback,0.115,2.4,0.0739,0.048,0.202,2.2,42,Cashback campaign for Nestlé Beverages targeting 36-45 demographic in Surabaya,78,Low,Low
PROMO149,FREE Sample - Limited Time!,flyer,Dairy,Kalbe,economy,KAL-DAI-315,2025-Q2,acquisition,high,2096,60,46-55,Low,Depok,Yellow-Energy,Family,Emotional,Exciting,free_gift,0.225,3.3,0.0504,0.109,0.18,3.2,27,Free_Gift campaign for Kalbe Dairy targeting 46-55 demographic in Depok,71,Medium-Low,Medium-Low
PROMO150,CASHBACK SPECIAL - Terbatas!,digital,Personal Care,Nivea,mass,NIV-PER-490,2025-Q2,conversion,medium,1385,90,55+,Middle,Surabaya,Purple-Premium,Family,Friendly,Fun,cashback,0.481,4.3,0.0366,0.164,0.063,3.6,28,Cashback campaign for Nivea Personal Care targeting 55+ demographic in Surabaya,79,High,Medium-Low
PROMO151,DAPAT CASHBACK Rp 10000 - Flash Sale!,digital,Beverages,Aqua,premium,AQU-BEV-120,2024-Q4,conversion,medium,1027,21,36-45,Upper-Middle,Makassar,Green-Fresh,Animation,Authoritative,Caring,cashback,0.409,4.8,0.0354,0.149,0.209,5.6,37,Cashback campaign for Aqua Beverages targeting 36-45 demographic in Makassar,76,Medium-High,Medium-High
PROMO152,BUY 1 GET 2 FREE - Pantene Personal Care!,in-store,Personal Care,Pantene,premium,PAN-PER-768,2024-Q3,upselling,medium,1142,21,55+,High,Surabaya,Red-Bold,Lifestyle,Professional,Trustworthy,bogo,0.354,4.4,0.0366,0.09,0.218,4.0,41,Bogo campaign for Pantene Personal Care targeting 55+ demographic in Surabaya,77,Medium-High,Medium-Low
PROMO153,COMBO SPECIAL - Lebih Hemat!,flyer,Snacks,PepsiCo,mass,PEP-SNA-368,2025-Q2,retention,high,2681,7,46-55,Low,Jakarta,Black-Elegant,Celebrity,Authoritative,Caring,bundle,0.201,2.7,0.0506,0.08,0.113,3.2,28,Bundle campaign for PepsiCo Snacks targeting 46-55 demographic in Jakarta,73,Low,Low
PROMO154,CASHBACK SPECIAL - Hari Ini Saja!,in-store,Dairy,Ultra Milk,economy,ULT-DAI-455,2024-Q4,retention,low,323,21,26-35,High,Bekasi,Yellow-Energy,Animation,Emotional,Serious,cashback,0.137,1.5,0.0453,0.053,0.147,1.6,33,Cashback campaign for Ultra Milk Dairy targeting 26-35 demographic in Bekasi,76,Low,Low
PROMO155,BUY 2 GET 2 FREE - Lifebuoy Personal Care!,digital,Personal Care,Lifebuoy,economy,LIF-PER-832,2025-Q1,acquisition,medium,1011,14,18-25,Upper-Middle,Medan,Yellow-Energy,Animation,Playful,Premium,bogo,0.322,3.4,0.0277,0.087,0.17,3.1,42,Bogo campaign for Lifebuoy Personal Care targeting 18-25 demographic in Medan,77,Medium-High,Medium-Low
PROMO156,BONUS Tumbler - Best Deal!,in-store,Beauty,Nivea,premium,NIV-BEA-204,2024-Q3,acquisition,medium,545,14,46-55,Middle,Makassar,Red-Bold,Lifestyle,Urgent,Fun,free_gift,0.361,6.7,0.1026,0.115,0.11,6.1,26,Free_Gift campaign for Nivea Beauty targeting 46-55 demographic in Makassar,75,Medium-High,High
PROMO157,CASHBACK 40% - Best Deal!,digital,Snacks,PepsiCo,mass,PEP-SNA-886,2024-Q3,awareness,low,56,7,46-55,Middle,Medan,Black-Elegant,Family,Playful,Caring,cashback,0.148,3.7,0.0175,0.091,0.101,3.8,25,Cashback campaign for PepsiCo Snacks targeting 46-55 demographic in Medan,73,Low,Medium-Low
PROMO158,CASHBACK SPECIAL - Hari Ini Saja!,digital,Home Care,P&G,mass,P&G-HOM-544,2025-Q1,conversion,high,3933,60,26-35,Upper-Middle,Jakarta,Black-Elegant,Minimalist,Friendly,Exciting,cashback,0.617,8.0,0.0381,0.033,0.121,9.9,33,Cashback campaign for P&G Home Care targeting 26-35 demographic in Jakarta,74,High,High
PROMO159,DISKON 70% - Hari Ini Saja!,flyer,Beauty,L'Oréal,mass,L'O-BEA-874,2025-Q2,upselling,low,453,60,55+,Low,Bandung,Yellow-Energy,Lifestyle,Professional,Fun,discount,0.18,2.4,0.0333,0.068,0.054,2.8,27,Discount campaign for L'Oréal Beauty targeting 55+ demographic in Bandung,73,Low,Low
PROMO160,SPECIAL 70% DISCOUNT - Weekend Special!,digital,Snacks,Mondelez,premium,MON-SNA-488,2025-Q2,acquisition,medium,1806,45,46-55,Upper-Middle,Semarang,Orange-Warm,Family,Playful,Exciting,discount,0.521,6.7,0.0723,0.041,0.13,7.3,39,Discount campaign for Mondelez Snacks targeting 46-55 demographic in Semarang,77,High,High
PROMO161,KOMPETISI Kirim Video - Total 100 Juta!,in-store,Beauty,Mustika Ratu,economy,MUS-BEA-956,2025-Q2,upselling,low,342,60,18-25,Middle,Surabaya,Yellow-Energy,Lifestyle,Urgent,Exciting,contest,0.104,2.4,0.0174,0.045,0.069,2.3,39,Contest campaign for Mustika Ratu Beauty targeting 18-25 demographic in Surabaya,80,Low,Low
PROMO162,DISKON 25% - Jangan Terlewat!,in-store,Beauty,Nivea,mass,NIV-BEA-494,2025-Q2,awareness,medium,973,45,36-45,Low,Medan,Orange-Warm,Product-Focus,Urgent,Serious,discount,0.294,2.9,0.0496,0.082,0.183,3.5,29,Discount campaign for Nivea Beauty targeting 36-45 demographic in Medan,71,Medium-High,Low
PROMO163,KOMPETISI Share Post - Grand Prize!,digital,Beverages,Aqua,mass,AQU-BEV-945,2024-Q4,upselling,medium,1796,30,36-45,Upper-Middle,Depok,Green-Fresh,Festival,Professional,Premium,contest,0.312,3.8,0.0146,0.065,0.203,3.1,35,Contest campaign for Aqua Beverages targeting 36-45 demographic in Depok,72,Medium-High,Medium-Low
PROMO164,BUNDLE DEAL - Mega Hemat!,tv,Beauty,L'Oréal,premium,L'O-BEA-138,2025-Q1,acquisition,high,3267,7,18-25,Upper-Middle,Depok,Orange-Warm,Animation,Authoritative,Fun,bundle,0.8,8.0,0.079,0.25,0.169,9.2,25,Bundle campaign for L'Oréal Beauty targeting 18-25 demographic in Depok,71,High,High
PROMO165,BUNDLE DEAL - Super Value!,digital,Personal Care,Lux,mass,LUX-PER-988,2024-Q3,retention,high,5557,30,46-55,Low,Jakarta,Black-Elegant,Family,Professional,Caring,bundle,0.326,4.3,0.0908,0.119,0.155,4.8,26,Bundle campaign for Lux Personal Care targeting 46-55 demographic in Jakarta,76,Medium-High,Medium-Low
PROMO166,CONTEST Video TikTok - Voucher 1 Juta!,in-store,Snacks,Chitato,premium,CHI-SNA-184,2024-Q3,upselling,premium,18663,21,55+,Low,Medan,Yellow-Energy,Family,Playful,Trustworthy,contest,0.526,7.8,0.0566,0.189,0.238,6.5,38,Contest campaign for Chitato Snacks targeting 55+ demographic in Medan,70,High,High
PROMO167,MENANG Smartphone - Upload Foto!,digital,Personal Care,Lifebuoy,mass,LIF-PER-708,2024-Q3,awareness,medium,1156,21,18-25,Low,Palembang,Yellow-Energy,Family,Professional,Trustworthy,contest,0.4,3.2,0.0918,0.094,0.104,3.3,32,Contest campaign for Lifebuoy Personal Care targeting 18-25 demographic in Palembang,84,Medium-High,Low
PROMO168,GRATIS Tumbler - Pembelian Minimal!,flyer,Beverages,Mayora,economy,MAY-BEV-316,2025-Q1,upselling,high,8062,45,18-25,Upper-Middle,Tangerang,Yellow-Energy,Product-Focus,Professional,Trustworthy,free_gift,0.234,3.4,0.0553,0.088,0.157,3.8,35,Free_Gift campaign for Mayora Beverages targeting 18-25 demographic in Tangerang,80,Medium-Low,Medium-Low
PROMO169,GRATIS Tumbler - Member Khusus!,tv,Health Supplements,Yakult,mass,YAK-HEA-826,2025-Q1,awareness,medium,1279,45,18-25,Low,Semarang,Black-Elegant,Minimalist,Playful,Trustworthy,free_gift,0.28,4.5,0.0357,0.208,0.334,3.7,31,Free_Gift campaign for Yakult Health Supplements targeting 18-25 demographic in Semarang,88,Medium-Low,Medium-High
PROMO170,BONUS Tumbler - Super Value!,radio,Beverages,Teh Botol Sosro,mass,TEH-BEV-386,2025-Q1,conversion,low,65,45,26-35,Upper-Middle,Jakarta,Purple-Premium,Family,Playful,Caring,free_gift,0.296,4.2,0.0163,0.068,0.168,3.4,28,Free_Gift campaign for Teh Botol Sosro Beverages targeting 26-35 demographic in Jakarta,87,Medium-High,Medium-Low
PROMO171,KOMPETISI Upload Foto - Grand Prize!,digital,Personal Care,Unilever,mass,UNI-PER-425,2025-Q1,conversion,low,339,14,26-35,Upper-Middle,Depok,Blue-Trust,Celebrity,Friendly,Serious,contest,0.393,3.7,0.0717,0.14,0.229,3.7,36,Contest campaign for Unilever Personal Care targeting 26-35 demographic in Depok,80,Medium-High,Medium-Low
PROMO172,MENANG Smartphone - Upload Foto!,flyer,Condiments,Indofood,mass,IND-CON-588,2024-Q3,conversion,medium,1909,90,26-35,Middle,Medan,Purple-Premium,Product-Focus,Professional,Exciting,contest,0.367,4.4,0.0259,0.102,0.046,4.6,32,Contest campaign for Indofood Condiments targeting 26-35 demographic in Medan,77,Medium-High,Medium-Low
PROMO173,CASHBACK 20% - Super Value!,digital,Instant Noodles,Indomie,premium,IND-INS-489,2024-Q4,retention,low,426,90,36-45,High,Medan,Yellow-Energy,Celebrity,Urgent,Fun,cashback,0.168,2.7,0.0192,0.138,0.147,3.0,27,Cashback campaign for Indomie Instant Noodles targeting 36-45 demographic in Medan,82,Low,Low
PROMO174,SALE 50% OFF - L'Oréal Personal Care!,in-store,Personal Care,L'Oréal,premium,L'O-PER-215,2025-Q2,upselling,low,419,45,55+,Middle,Tangerang,Black-Elegant,Minimalist,Playful,Exciting,discount,0.166,3.5,0.0497,0.128,0.118,3.6,37,Discount campaign for L'Oréal Personal Care targeting 55+ demographic in Tangerang,82,Low,Medium-Low
PROMO175,MENANG Voucher 1 Juta - Kirim Video!,in-store,Beauty,Mustika Ratu,economy,MUS-BEA-775,2024-Q3,acquisition,low,339,90,26-35,High,Depok,Yellow-Energy,Product-Focus,Friendly,Friendly,contest,0.273,3.0,0.0168,0.015,0.143,2.4,36,Contest campaign for Mustika Ratu Beauty targeting 26-35 demographic in Depok,77,Medium-Low,Low
PROMO176,BUNDLE DEAL - Super Value!,digital,Dairy,Ultra Milk,premium,ULT-DAI-181,2024-Q3,conversion,high,5359,30,46-55,Middle,Medan,Orange-Warm,Minimalist,Playful,Premium,bundle,0.8,8.0,0.12,0.25,0.4,8.7,26,Bundle campaign for Ultra Milk Dairy targeting 46-55 demographic in Medan,73,High,High
PROMO177,BELI 1 GRATIS 1 - Hemat Lebih!,in-store,Detergent,Wings,premium,WIN-DET-906,2024-Q4,retention,medium,1718,45,26-35,Middle,Semarang,Orange-Warm,Minimalist,Emotional,Serious,bogo,0.28,3.4,0.0567,0.132,0.292,4.0,30,Bogo campaign for Wings Detergent targeting 26-35 demographic in Semarang,73,Medium-Low,Medium-Low
PROMO178,BUNDLE DEAL - Hemat Lebih!,digital,Personal Care,Mustika Ratu,premium,MUS-PER-841,2025-Q1,retention,premium,15745,30,55+,Low,Surabaya,Orange-Warm,Minimalist,Emotional,Fun,bundle,0.504,6.1,0.0924,0.25,0.229,5.2,26,Bundle campaign for Mustika Ratu Personal Care targeting 55+ demographic in Surabaya,84,High,High
PROMO179,PAKET HEMAT - PepsiCo + Bonus Pack!,outdoor,Snacks,PepsiCo,mass,PEP-SNA-111,2024-Q3,retention,medium,1805,14,46-55,High,Jakarta,Green-Fresh,Family,Authoritative,Caring,bundle,0.107,1.7,0.0215,0.035,0.041,1.4,35,Bundle campaign for PepsiCo Snacks targeting 46-55 demographic in Jakarta,73,Low,Low
PROMO180,DISKON 40% - Terbatas!,in-store,Beverages,Aqua,mass,AQU-BEV-633,2024-Q3,retention,medium,614,90,46-55,Upper-Middle,Tangerang,Black-Elegant,Festival,Playful,Serious,discount,0.248,2.6,0.0369,0.108,0.094,3.1,22,Discount campaign for Aqua Beverages targeting 46-55 demographic in Tangerang,77,Medium-Low,Low
PROMO181,PAKET HEMAT - Johnson & Johnson + Travel Size!,digital,Personal Care,Johnson & Johnson,premium,JOH-PER-637,2025-Q2,conversion,medium,1119,14,36-45,High,Surabaya,Yellow-Energy,Lifestyle,Professional,Premium,bundle,0.68,5.1,0.0612,0.209,0.373,5.0,46,Bundle campaign for Johnson & Johnson Personal Care targeting 36-45 demographic in Surabaya,91,High,Medium-High
PROMO182,SPECIAL 20% DISCOUNT - Limited Time!,digital,Baby Care,Johnson & Johnson,premium,JOH-BAB-578,2024-Q4,conversion,premium,15706,21,18-25,Low,Semarang,Red-Bold,Minimalist,Authoritative,Caring,discount,0.8,8.0,0.12,0.117,0.4,8.7,36,Discount campaign for Johnson & Johnson Baby Care targeting 18-25 demographic in Semarang,89,High,High
PROMO183,BUY 2 GET 2 FREE - Kalbe Health Supplements!,digital,Health Supplements,Kalbe,economy,KAL-HEA-821,2024-Q3,awareness,medium,1055,14,55+,Low,Medan,Orange-Warm,Family,Authoritative,Friendly,bogo,0.261,3.1,0.0251,0.041,0.09,2.7,44,Bogo campaign for Kalbe Health Supplements targeting 55+ demographic in Medan,77,Medium-Low,Low
PROMO184,SALE 10% OFF - PepsiCo Beverages!,in-store,Beverages,PepsiCo,mass,PEP-BEV-932,2025-Q1,upselling,high,3079,7,36-45,Middle,Depok,Red-Bold,Festival,Playful,Fun,discount,0.347,4.4,0.0183,0.19,0.295,5.2,33,Discount campaign for PepsiCo Beverages targeting 36-45 demographic in Depok,76,Medium-High,Medium-Low
PROMO185,FREE Sample - Flash Sale!,digital,Personal Care,Lux,mass,LUX-PER-669,2025-Q1,acquisition,low,104,21,36-45,Middle,Depok,Red-Bold,Celebrity,Emotional,Caring,free_gift,0.431,3.7,0.0362,0.114,0.182,3.2,25,Free_Gift campaign for Lux Personal Care targeting 36-45 demographic in Depok,77,High,Medium-Low
PROMO186,GRATIS Sticker - Pelanggan Setia!,in-store,Snacks,Indofood,economy,IND-SNA-941,2025-Q2,upselling,medium,1636,7,55+,High,Surabaya,Orange-Warm,Animation,Playful,Friendly,free_gift,0.218,2.5,0.0205,0.072,0.135,2.6,33,Free_Gift campaign for Indofood Snacks targeting 55+ demographic in Surabaya,76,Medium-Low,Low
PROMO187,FREE Tas - Akhir Bulan!,in-store,Personal Care,Dove,mass,DOV-PER-795,2024-Q4,awareness,medium,1667,90,55+,High,Medan,Blue-Trust,Minimalist,Professional,Friendly,free_gift,0.168,3.8,0.0286,0.037,0.228,4.5,23,Free_Gift campaign for Dove Personal Care targeting 55+ demographic in Medan,76,Low,Medium-Low
PROMO188,FREE Tumbler - Flash Sale!,in-store,Personal Care,Johnson & Johnson,mass,JOH-PER-277,2024-Q3,awareness,medium,932,60,46-55,Upper-Middle,Palembang,Yellow-Energy,Celebrity,Playful,Fun,free_gift,0.322,3.7,0.0559,0.092,0.067,3.6,26,Free_Gift campaign for Johnson & Johnson Personal Care targeting 46-55 demographic in Palembang,95,Medium-High,Medium-Low
PROMO189,MENANG Voucher 1 Juta - Kirim Video!,digital,Personal Care,Lifebuoy,mass,LIF-PER-463,2024-Q3,retention,high,5686,30,46-55,Middle,Tangerang,Orange-Warm,Celebrity,Authoritative,Caring,contest,0.243,3.7,0.0946,0.132,0.103,3.3,36,Contest campaign for Lifebuoy Personal Care targeting 46-55 demographic in Tangerang,84,Medium-Low,Medium-Low
PROMO190,KOMPETISI Kirim Video - Grand Prize!,in-store,Personal Care,Unilever,premium,UNI-PER-745,2024-Q4,upselling,medium,1002,30,36-45,High,Depok,Red-Bold,Animation,Authoritative,Exciting,contest,0.328,3.8,0.0905,0.11,0.19,3.9,36,Contest campaign for Unilever Personal Care targeting 36-45 demographic in Depok,80,Medium-High,Medium-Low
PROMO191,SPECIAL 70% DISCOUNT - Limited Time!,digital,Condiments,Indofood,economy,IND-CON-127,2024-Q4,upselling,low,427,45,55+,Middle,Bekasi,Red-Bold,Minimalist,Professional,Caring,discount,0.21,2.6,0.0441,0.072,0.079,3.0,36,Discount campaign for Indofood Condiments targeting 55+ demographic in Bekasi,77,Low,Low
PROMO192,BUNDLE DEAL - Super Value!,in-store,Snacks,PepsiCo,premium,PEP-SNA-843,2025-Q2,retention,low,388,30,55+,Middle,Tangerang,Black-Elegant,Celebrity,Playful,Trustworthy,bundle,0.228,3.1,0.0723,0.138,0.199,3.5,26,Bundle campaign for PepsiCo Snacks targeting 55+ demographic in Tangerang,73,Medium-Low,Low
PROMO193,DISKON 20% - Jangan Terlewat!,flyer,Beauty,Wardah,economy,WAR-BEA-642,2025-Q2,awareness,medium,1889,21,55+,High,Jakarta,Green-Fresh,Festival,Playful,Premium,discount,0.185,2.3,0.0341,0.075,0.052,2.6,29,Discount campaign for Wardah Beauty targeting 55+ demographic in Jakarta,72,Low,Low
PROMO194,CONTEST Story Instagram - Smartphone!,digital,Health Supplements,Kalbe,premium,KAL-HEA-206,2025-Q2,retention,premium,16402,45,36-45,Low,Jakarta,Black-Elegant,Product-Focus,Urgent,Premium,contest,0.54,4.8,0.12,0.086,0.274,5.2,37,Contest campaign for Kalbe Health Supplements targeting 36-45 demographic in Jakarta,84,High,Medium-High
PROMO195,DISKON 25% - Stok Terbatas!,digital,Beauty,Dove,mass,DOV-BEA-431,2024-Q4,retention,low,444,90,18-25,High,Semarang,Black-Elegant,Celebrity,Emotional,Serious,discount,0.119,3.1,0.0655,0.083,0.049,2.8,27,Discount campaign for Dove Beauty targeting 18-25 demographic in Semarang,73,Low,Low
PROMO196,HEMAT 30% - Mega Hemat!,digital,Beverages,Nestlé,mass,NES-BEV-356,2024-Q3,awareness,medium,1670,60,18-25,High,Semarang,Red-Bold,Product-Focus,Urgent,Exciting,discount,0.328,4.8,0.0651,0.065,0.212,4.8,23,Discount campaign for Nestlé Beverages targeting 18-25 demographic in Semarang,78,Medium-High,Medium-High
PROMO197,SPECIAL 30% DISCOUNT - Limited Time!,digital,Personal Care,Dove,economy,DOV-PER-192,2024-Q4,conversion,medium,1794,60,18-25,Upper-Middle,Makassar,Purple-Premium,Family,Playful,Exciting,discount,0.417,3.2,0.0607,0.087,0.233,3.0,36,Discount campaign for Dove Personal Care targeting 18-25 demographic in Makassar,80,High,Low
PROMO198,SPECIAL 25% DISCOUNT - Akhir Bulan!,digital,Personal Care,Colgate,mass,COL-PER-646,2024-Q3,retention,medium,1130,30,26-35,High,Palembang,Red-Bold,Festival,Authoritative,Serious,discount,0.234,4.1,0.0206,0.17,0.225,3.4,35,Discount campaign for Colgate Personal Care targeting 26-35 demographic in Palembang,84,Medium-Low,Medium-Low
PROMO199,SALE 70% OFF - Dove Personal Care!,digital,Personal Care,Dove,premium,DOV-PER-955,2025-Q2,retention,high,7007,14,18-25,Middle,Jakarta,Green-Fresh,Festival,Urgent,Premium,discount,0.294,6.2,0.0298,0.194,0.242,6.5,34,Discount campaign for Dove Personal Care targeting 18-25 demographic in Jakarta,79,Medium-High,High
PROMO200,KOMPETISI Upload Foto - Hadiah Mingguan!,digital,Instant Noodles,Indofood,mass,IND-INS-967,2025-Q2,awareness,high,2818,90,36-45,Middle,Tangerang,Blue-Trust,Animation,Urgent,Trustworthy,contest,0.248,5.9,0.12,0.228,0.312,5.1,40,Contest campaign for Indofood Instant Noodles targeting 36-45 demographic in Tangerang,86,Medium-Low,High
